id,code,label_en,label_he,description_en,description_he,longText_en,longText_he,x,y,z,sensitivity,imageURL,documentUrl_en,documentUrl_he,status
0YofVVp7H9jIq0vpwHkx,BL23,Shenshu,Shenshu,Kidney Shu -  Lower back pain and adrenal support.,בעיות בדרכי השתן ובכליות,long text,"אופי:  נקודת השפעה (SHU) על הכליות.
פעולה:
מפזרת עודף Yang מהכליות
מחזקת ומסדירה את הכליות
מפיצה ומנקה חסימות Qi של הכליות
מחזקת את עמוד השדרה במיוחד המותני, ואת הברכיים
מסדירה את מחזור הנוזלים, מעוררת את שלפוחית השתן ומגבירה מתן שתן
מטהרת את האוזניים ומיטיבה עם הראייה
מפזרת ומסלקת לחות
מחזקת את העצמות והשיניים
מונעת עייפות מעודף מתח ומונעת הזדקנות
אינדיקציות: בעיות/דלקות בדרכי השתן ובכליות, תת תזונה, קרי לילה, אימפוטנציה, עקרות, מחזור לא סדיר, סכרת, אסטמה, אנמיה, כאבי גב תחתון, סחרחורת, אוסטיאופורוזיס, בעיות עיניים, חרשות, צלצולי אוזניים.
",0.13,0.93,-0.14,Low,https://drive.google.com/file/d/19mu8neKg2gPArJS8htC1GJbHQ5r4QpeN/view?usp=drive_link,https://firebasestorage.googleapis.com/v0/b/apitherapyv2.firebasestorage.app/o/Points%2FBL23%2F1771688991240_English%20point%20document.pdf?alt=media&token=f1dfce3f-9dbc-4ddb-ac31-f664c2646932,https://firebasestorage.googleapis.com/v0/b/apitherapyv2.firebasestorage.app/o/Points%2F0YofVVp7H9jIq0vpwHkx%2F1774713847740_BL%2023.pdf?alt=media&token=fa89f692-a9bf-4eb4-bd7c-700809680a5b,active
0hWWFIoO8UIv9YB7xvIw,LI18,Futuo,,"Treats facial paralysis, toothache, and sinus issues.","מטפלת בשיתוק פנים, כאבי שיניים ובעיות בסינוסים.",,,,,,,,,,active
1FpPxQ4WZgZRB1ZQwd9g,ST40,Fenglong,,Major point for resolving phlegm. Also treats mental health conditions and asthma.,נקודה מרכזית להתמרת ליחה. מטפלת גם במצבים מנטליים ואסתמה.,,,,,,,,,,active
1Wu0Syn38W45nGVsokMi,HN3,Yintang,Yintang,Hall of Impression היא נחשבת לנקודה מרכזית להרגעת הנפש,"היכל ההטבעה. נדודי שינה, חרדה, כאבי ראש פרונטליים, סינוסיטיס, נזלת אלרגית, סחרחורות (Vertigo), יתר לחץ דם ואפילפסיה.","נדודי שינה, חרדה, כאבי ראש פרונטליים, סינוסיטיס, נזלת אלרגית, סחרחורות (Vertigo), יתר לחץ דם ואפילפסיה.
","אופי : נקודה חוץ-ערוצית (Extra Point). היא נחשבת לנקודה מרכזית להרגעת הנפש ומקושרת לצ'אקרת ""העין השלישית"".
פעולה:
השקטת ה-Shen: מרגיעה את הנפש, מפחיתה חרדה, אי-שקט ודיכאון.
טיפול בבעיות אף: פותחת את מעכוך כאב: יעילה מאוד לטיפול בכאבי ראש פרונטליים (במצח).
הבהרת המחשבה: מסייעת בריכוז ובמיקוד מנטלי.
הכנעת רוח פנימית: מסייעת במצבים של סחרחורות או עוויתות.
היבטים מערביים:
נדודי שינה, חרדה, כאבי ראש פרונטליים, סינוסיטיס, נזלת אלרגית, סחרחורות (Vertigo), יתר לחץ דם ואפילפסיה.",,,,High,https://drive.google.com/file/d/1hveMIivgAh08K3V8hftUHFZIcGNQiSGv/view?usp=drive_link,https://firebasestorage.googleapis.com/v0/b/apitherapyv2.firebasestorage.app/o/Points%2Fnew%2F1774699109634_Yintang%20%E2%80%93%20EX-HN%203.pdf?alt=media&token=53d821b2-da45-43a6-b1c6-3b364839fbd2,https://firebasestorage.googleapis.com/v0/b/apitherapyv2.firebasestorage.app/o/Points%2F1Wu0Syn38W45nGVsokMi%2F1774699187516_Yintang%20%E2%80%93%20EX-HN%203.pdf?alt=media&token=f29113df-584f-463a-b4c3-0b1ca80a35ee,active
1a5c7MWnnslVz8FoFUVm,ST41,Jiexi,,Clears heat from the Stomach and treats ankle pain/weakness.,מנקה חום מהקיבה ומטפלת בכאבי קרסול/חולשה.,,,,,,,,,,active
1eMFHYk6ynDcos78n9uP,CV5,Shimen,,"Regulates the Water Passages and treats edema, urinary issues, and abdominal pain.","מווסת את מעברי המים ומטפל בבצקות, בעיות שתן וכאבי בטן.",,,,,,,,,,active
1zQCJkh1NzOp5TFfBnNd,BL15,,Xinshu,,ויסות הלב והזרמת דם,,"אופי: נקודת השפעה (SHU) על הלב.
פעולה:
מזינה ועוררת Yang בלב.
מזינה ומחזקת את הלב.
מניעה את חום הלב ומשקיטה את הנפש.
מסדירה Qi ודם של הלב.
פותחת את החזה ומטפלת בשיעול עם ריאה.
מסדירה את הלשון ואת הדיבור.
היבטים מערביים: אפילפסיה, פלפיטציות, חולשת לב, שיעול, הקאה, הזעת לילה, מחלות לב.
",,,,Low,https://drive.google.com/file/d/1E_y60Ft8lQ8ieSRxTa0I9vFLrAT8qOyG/view?usp=sharing,,https://firebasestorage.googleapis.com/v0/b/apitherapyv2.firebasestorage.app/o/Points%2F1zQCJkh1NzOp5TFfBnNd%2F1774683490943_BL%2015.pdf?alt=media&token=1fdd4bff-bd65-4490-8f50-e165d3304d78,active
2rzZdKwABMHLcAtY2HBI,ST32,Futu,,Expels wind and treats local leg pain.,מסלקת רוח ומטפלת בכאב רגליים מקומי.,,,,,,,,,,active
2tC6gZmWj3XQAw8VDWt1,LU8,Jingqu,,"Addresses mental restlessness, mouth ulcers, and high blood pressure. Clears heart fire.","מטפלת באי-שקט מנטלי, כיבים בפה ויתר לחץ דם. מנקה אש מהלב.",,,,,,,,,,active
4HdFcbEgCFt2JWc9p6t7,LU9,Taiyuan,,Jing-Well point. Used to revive consciousness and clear heart fire.,"אסטמה, שפעת, כאבי ראש, שינויים גרון ועיניים. במיוחד בעיות כרוניות של הריאות.
",,"אופי: נקודת אדמה / נקודת פלג / נקודת מקור / נקודת השפעה לכלי הדם / נקודת חיזוק.
פעולה: מנקזת ומפזרת ליחה ולחות.
 מסלקת רוח, מנקה ומקררת חום בריאות ובגרון.
 מחזקת ובונה את ה־Yin של הריאות.
 מניעה את הדם ומחזקת את הדופק.
 מפסיקה שיעול דמי.
 מסדירה זרימת Qi הריאות, מפסיקה שיעול ומרגיעה צפצופי נשימה.
 נקודת הצלבה – התקפים אפילפטיים, טביעה.
היבטים מערביים: אסטמה, שפעת, כאבי ראש, שינויים גרון ועיניים. במיוחד בעיות כרוניות של הריאות.",,,,Medium,https://drive.google.com/file/d/1S8vVwHvM5Q3EtHM4d4W91PzKcO9ukf1t/view?usp=drive_link,,https://firebasestorage.googleapis.com/v0/b/apitherapyv2.firebasestorage.app/o/Points%2F4HdFcbEgCFt2JWc9p6t7%2F1774546009004_LU%209.pdf?alt=media&token=123400ae-30c3-417a-9c3b-f1ac69eb3c44,active
4s79CQE4o7ZyqO5TFpXY,LI19,Kouheliao,,In front of the ear. Employed for ear disorders like tinnitus and jaw pain.,לפני האוזן. משמשת להפרעות באוזן כמו טינטון וכאבי לסת.,,,,,,,,,,active
4wtQwAZug7TFFx12W6c6,ST35,Dubi,,Major point for knee pain and swelling.,נקודה מרכזית לכאבי ברכיים ונפיחות.,,,,,,,,,,active
5KxpayQksbMf26dfESP2,ST21,Liangmen,,"Major point for digestive issues, nausea, and stomach pain.","נקודה מרכזית לבעיות עיכול, בחילה וכאבי בטן.",,,,,,,,,,active
5OqxqeVwGLXjNu4pY6p0,HN14,,Anmian,,"נחשבת לאחת הנקודות החשובות והיעילות ביותר לטיפול בהפרעות שינה.
",,"פעולה:
השקטת ה-Shen: מרגיעה את הנפש ומשרה תחושת שלווה.
טיפול בנדודי שינה: ויסות מחזורי השינה והקלה על קשיי הירדמות.
הורדת אש ורוח מהראש: משקיטה את הכבד ומסייעת במצבים של עודף בראש.
איזון מערכת העצבים: עוזרת בהפחתת מתח נפשי וחרדה.

היבטים מערביים:
נדודי שינה (Insomnia), ורטיגו (סחרחורות), כאבי ראש, חרדה, פלפיטציות (דפיקות לב מואצות), הפרעות נפשיות, היסטריה וטינטון (צפצופים באוזניים).
",,,,High,https://drive.google.com/file/d/1dXHhDkpcRFn6xZPb86LuEUkYIX376Ct8/view?usp=drive_link,,https://firebasestorage.googleapis.com/v0/b/apitherapyv2.firebasestorage.app/o/Points%2Fnew%2F1774698350382_Anmian%20%E2%80%93%20HN%2014.pdf?alt=media&token=92e72f05-9bd3-4574-bdbf-cd22c6178947,active
5WMwoDuwRUeYf7ylKgcG,LI1,Shangyang,,"Jing-Well point. Treats breast disorders, insufficient lactation, and mastitis.","נקודת באר (Jing-Well). מטפלת בהפרעות בשד, מחסור בחלב אם ודלקת בשד (מסטיטיס).",,,,,,,,,,active
6lOYV8CA6mukE62OHRcb,LU11,Shaoshang,,Jing-Well point. Treats throat pain and clears heat.,נקודת באר (Jing-Well). מטפלת בכאבי גרון ומנקה חום.,,,,,,,,,,active
6mlTg7LfjzNYhRA5gpi3,CV18,Yutang,,Unbinds the chest and treats local pain and difficulty swallowing.,משחררת את החזה ומטפלת בכאב מקומי וקשיי בליעה.,,,,,,,,,,active
7rZS0oio0LAFhZ1MaicE,ST30,Qichong,,Harmonizes the lower jiao and treats urogenital pain.,מהרמנת את המחמם התחתון ומטפלת בכאב אורוגניטלי.,,,,,,,,,,active
7vp5dwyiqrIj8qtJznjk,LI9,Shanglian,,Expels wind and treats shoulder and arm pain.,מסלקת רוח ומטפלת בכאבי כתף וזרוע.,,,,,,,,,,active
9ZwVtP59XRlXEO3hcWf9,CV21,Xuanji,,"Treats cough, asthma, and difficulty swallowing.","מטפלת בשיעול, אסתמה וקשיי בליעה.",,,,,,,,,,active
AI3ECZIizgMt60QiA6xC,LI16,Jugu,,"Benefits the throat and ears, treats neck pain.","מיטיבה עם הגרון והאוזניים, מטפלת בכאבי צוואר.",,,,,,,,,,active
AWzB7YMJGyjjXnMQHR6m,CV19,Zigong,,"Treats cough, asthma, and chest pain.","מטפלת בשיעול, אסתמה וכאבי חזה.",,,,,,,,,,active
C5TSzVIACXuHSItLAWmq,CV12,Zhongwan,,"Major point for digestive issues (reflux, gas, nausea). Tonifies Stomach/Spleen. Front-Mu of Stomach.","נקודה מרכזית לבעיות עיכול (רפלקס, גזים, בחילה). מחזקת קיבה/טחול.",,"כאב בטן, כאב או נפיחות בבטן , צרבת, הקאות, שלשול, אוכל לא מעוכל, כיב-קיבה, נדודי שינה, אפילפסיה.
",,,,Medium,https://drive.google.com/file/d/1VkDV4uLmn3k-j_lsvItaY5AEn-UUyR3M/view?usp=drive_link,,https://firebasestorage.googleapis.com/v0/b/apitherapyv2.firebasestorage.app/o/Points%2FC5TSzVIACXuHSItLAWmq%2F1774705536188_CV%2012.pdf?alt=media&token=7b52dda0-bd34-4555-beb0-104acd6c6e9e,active
Cpp2ugs9Z3xHB88ICQzB,LI13,Shouwuli,,Treats stiffness and pain in the shoulder and upper back.,מטפלת בנוקשות וכאב בכתף ובגב העליון.,,,,,,,,,,active
D4E3KfeXAAEKsDvefkaH,LU4,Xiabai,,"Xi-Cleft point. Effective for acute heart pain, blood stagnation, and emotional trauma.","נקודת הצטברות (Xi-Cleft). יעילה לכאבי לב אקוטיים, סטגנציה של דם וטראומה רגשית.",,,,,,,,,,active
D4JYcQlghnhFhHpdWQgn,LI10,Shousanli,,Benefits the shoulder and treats local stiffness/pain.,"הקאות, שלשולים, כאבי בטן, שיתוק של גפיים עליונות.",,"אופי:
נקודת ים עליונה של ה־ST. (נקודת ים תחתונה – ST 37).
פעולה:
מחזקת Qi.
 מפזרת רוח.
 מרגיעה את הקיבה.
היבטים מערביים:
הקאות, שלשולים, כאבי בטן, שיתוק של גפיים עליונות.
",,,,Medium,https://drive.google.com/file/d/12gCMsdYBx6bRWXALJSoZa2RQW_RybCml/view?usp=drive_link,,https://firebasestorage.googleapis.com/v0/b/apitherapyv2.firebasestorage.app/o/Points%2FD4JYcQlghnhFhHpdWQgn%2F1774545262391_LI%2010.pdf?alt=media&token=28cd10ab-7d23-4e3e-8c03-6fd32560d1b5,active
DPuRXDKnys1Fw2DRRRfg,PC6,Neiguan,Neiguan,,"אנגינה פקטוריס (תעוקת חזה), כאבי בטן, אפילפסיה, בחילות בוקר בזמן הריון.",,"אופי הנקודה
נקודה זו משמשת כנקודת חיבור (Luo-connecting point) ומהווה את נקודת הפתיחה של ערוץ ה-Yin Wei Mo.
פעולות והשפעות טיפוליות
הנקודה נחשבת למשמעותית מאוד ברפואה הסינית ופעולותיה כוללות:
ויסות מערכת הלב: מסדירה את ה-Qi ואת הדם של הלב ופותחת את פתחי הלב.
איזון נפשי: מרגיעה את הלב ואת הנפש (Shen).
פתיחת ערוץ ה-Yin Wei: מאפשרת הפצת Qi לאזורי הקיבה, החזה והלב.
טיפול במערכת העיכול: מרגיעה את הקיבה ומדכאת Qi ""מורד"" (Rebellious Qi), מה שמסייע ביעילות רבה להפסקת בחילות והקאות.
איזון הכבד: מפזרת סטגנציה (תקיעות) של הכבד ומסדירה את שכבת ה-JUE YIN (הקשר שבין הפריקרד לכבד).
המחמם המשולש: מסדירה ומטהרת את המחמם המשולש (Triple Burner).
מדדים גופניים: מסייעת באיזון לחץ הדם והסדרת קצב הדופק.
היבטים ומחלות בראייה מערבית
השימוש הקליני בנקודה זו נפוץ במצבים של:
אנגינה פקטוריס (תעוקת חזה).
כאבי בטן.
אפילפסיה.
בחילות בוקר בזמן הריון.",,,,Medium,https://drive.google.com/file/d/1SDJVnFveuTTHKWoNmJTfx5S2A-q3FD8F/view?usp=sharing,,https://firebasestorage.googleapis.com/v0/b/apitherapyv2.firebasestorage.app/o/Points%2Fnew%2F1774682929896_PC%206.pdf?alt=media&token=74aee20b-83cf-46d3-8674-4cd058422db1,active
E1WmOflyABzpIXO1jos0,ST45,Lidui,,"Jing-Well point. Calms the mind and clears heat (e.g., toothache, epistaxis).","נקודת באר (Jing-Well). מרגיעה את הנפש ומנקה חום (למשל: כאבי שיניים, דימום מהאף).",,,,,,,,,,active
ERS3k2QU84J37l0HMctZ,ST42,Chongyang,,Yuan-Source point. Strengthens the Spleen/Stomach and treats local foot pain.,נקודת מקור (Yuan-Source). מחזקת את הטחול/קיבה ומטפלת בכאבי רגליים מקומיים.,,,,,,,,,,active
ElNmXhk3gB26r4nnuG7b,ST23,Taiyi,,Treats abdominal pain and mental restlessness.,מטפלת בכאבי בטן ואי-שקט מנטלי.,,,,,,,,,,active
GBIyJA5hxd9WKKEXo9xX,ST15,Wuyi,,Treats chest pain and breast disorders.,מטפלת בכאבי חזה והפרעות בשד.,,,,,,,,,,active
GMEtDUeWC15O8Aygo3Ci,KI3,,Taixi,,"כאבי גב, גרון ושיניים, מחזור לא סדיר, אימפוטנציה, נדודי
 שינה, דלקות בדרכי השתן.",,"אופי: נקודת אדמה / נקודת פלג / נקודת מקור.
פעולה:
מחזקת ומזינה את Yin הכליות וכל הגוף, מזינה ולתפסיק שיעול, נוש.
 מזינה את Yin הריאות כדי להרגיע צפצופי נשימה ולתפסיק שיעול.
 מנקה ומפזרת חום ומרגיעה חום מדומה.
 מחזקת את פעילות הרחם ומסדירה את הווסת.
 מחזקת את הגב התחתון (ואת הברכיים).
היבטים מערביים:
כאבי גב, גרון ושיניים, מחזור לא סדיר, אימפוטנציה, נדודי
 שינה, דלקות בדרכי השתן.",,,,Medium,https://drive.google.com/file/d/1SZ27wxNZ-GRdFXAfp33w1gCTKKQWXXEe/view?usp=drive_link,,https://firebasestorage.googleapis.com/v0/b/apitherapyv2.firebasestorage.app/o/Points%2Fnew%2F1774641903013_KID%203.pdf?alt=media&token=02441b26-01c8-4ff8-a028-249dc8595e6b,active
GYPy996diYQQbPOaI2Cw,DU20,Baihui,Baihui,"כאב ראש, סחרחורת, שוק, לחץ דם גבוה, נדודי שינה, עוויתות, צניחת רחם, חולשה של הלב או של כל הגוף.","מעוררת ומתמירה את המוח, את המחשבה ואת החושים.
","אופי:
נקודת מפגש לכל ערוצי ה-Yang, ושל ה-Yang.
פעולה:
מעוררת ומתמירה את המוח, את המחשבה ואת החושים.
מחזקת את ה-Yang ומווסתת את פעילות ה-Yang בלב ובנפש.
נקודת ה-Yang הגבוהה ביותר בגוף.
מרגיעה את הנפש ומייצבת את כוח הרצון.
מטהרת חום ומפסיקה עוויתות.
מסלקת רוח של הכבד מהחלק העליון של הגוף ומשקיטה את הכבד.
מסלקת רוח קרה מהראש ומנקה את הפתחים.
מקררת את האף.
היבטים מערביים:
כאב ראש, סחרחורת, שוק, לחץ דם גבוה, נדודי שינה, עוויתות, צניחת רחם, חולשה של הלב או של כל הגוף.
","אופי: נקודת מפגש לכל ערוצי ה-Yang, ושל ה-Yang.
פעולה: מעוררת ומתמירה את המוח, את המחשבה ואת החושים.
מחזקת את ה-Yang ומווסתת את פעילות ה-Yang בלב ובנפש.
נקודת ה-Yang הגבוהה ביותר בגוף.
מרגיעה את הנפש ומייצבת את כוח הרצון.
מטהרת חום ומפסיקה עוויתות.
מסלקת רוח של הכבד מהחלק העליון של הגוף ומשקיטה את הכבד.
מסלקת רוח קרה מהראש ומנקה את הפתחים.
מקררת את האף.
היבטים מערביים: כאב ראש, סחרחורת, שוק, לחץ דם גבוה, נדודי שינה, עוויתות, צניחת רחם, חולשה של הלב או של כל הגוף.
",,,,Medium,https://drive.google.com/file/d/1mI2Z3pO85xyGplDYsLBWegGsMMDCRmkZ/view?usp=drive_link,https://firebasestorage.googleapis.com/v0/b/apitherapyv2.firebasestorage.app/o/Points%2FGYPy996diYQQbPOaI2Cw%2F1774692486295_GV%2020%20(DU20).pdf?alt=media&token=249f8e43-6796-41e3-87c9-faca3393ec0b,https://firebasestorage.googleapis.com/v0/b/apitherapyv2.firebasestorage.app/o/Points%2FGYPy996diYQQbPOaI2Cw%2F1774692654927_GV%2020%20(DU20).pdf?alt=media&token=d6f743f4-aa6b-481c-a1fc-a74431eb0a78,active
GhFP7hd63X3OnPc24y0r,ST44,Neiting,,Ying-Spring point. Clears Stomach heat and alleviates toothache/facial pain.,נקודת מעיין (Ying-Spring). מנקה חום מהקיבה ומקלה על כאבי שיניים/פנים.,,,,,,,,,,active
HbZNy3Posb1JqnqEOOqQ,ST20,Chengman,,Harmonizes the Middle Jiao and treats abdominal distension.,מהרמנת את המחמם האמצעי ומטפלת בנפיחות בבטן.,,,,,,,,,,active
IA1p0v5vjJqARweO65sw,LI14,Binao,,"Expels wind and cold, treats neck and shoulder pain.","מסלקת רוח וקור, מטפלת בכאבי צוואר וכתף.",,,,,,,,,,active
J7b0Qm2ITdmTsA1BqjvQ,ST16,Yingchuang,,Treats breast pain and chest congestion.,מטפלת בכאבים בשד וגודש בחזה.,,,,,,,,,,active
JJzXGYslPCkUcjewhDIS,ST14,Kufang,,Unbinds the chest and treats local pain and cough.,משחררת את החזה ומטפלת בכאב מקומי ושיעול.,,,,,,,,,,active
MX1HEBnJnP6sEuDPKkO8,LU10,Yuji,,Clears heat and treats palm heat and local hand issues.,מנקה חום ומטפלת בחום בכפות הידיים ובעיות ידיים מקומיות.,,,,,,,,,,active
N2KpWSrXdC98uJbFnGme,ST25,Tianshu,,"Regulates the large intestine, treats constipation and diarrhea. Front-Mu of Large Intestine.","מווסתת את המעי הגס, מטפלת בעצירות ושלשול. מטפלת בבטן, שלשול, עצירות, בצקת, מחזור לא סדיר, חוסר שקט ",,"אופי:
נקודת Mu קדמית של המעי הגס
נקודת חיבור אל ה־Chong Mo
נקודת התראה של המעי הגס
פעולה:
מווסתת ומסדירה את פעילות המעיים
מטהרת ומנקה חום ולחות מהמעיים
מווסתת זרימת Qi ודם במעיים
מורידה את האנרגיה העולה (Yang Qi) ומגינה (Wei Qi)
מסדירה את המחזור
אינדיקציות:
כאבי בטן
שלשול
עצירות
בצקת
מחזור לא סדיר
חוסר שקט
",,,,Medium,https://drive.google.com/file/d/1Qc-gq24gT7zcngv2tJf82XYqJ69y2poI/view?usp=drive_link,,https://firebasestorage.googleapis.com/v0/b/apitherapyv2.firebasestorage.app/o/Points%2FN2KpWSrXdC98uJbFnGme%2F1774706063615_ST%2025.pdf?alt=media&token=ade39cfb-097e-41c1-848f-c7b1e9693bcd,active
NGVRuSkgI33IRDh3l9E4,HT7,Shenmen,Shenmen,,"Spirit Gate - סחרחורת, פלפיטציות, נדודי שינה, פחד, טכיקרדיה, שינויים קיצוניים, עצבנות.
",,"אופי:נקודת אדמה / נקודת פלג / נקודת מקור / נקודת פיזור.
פעולה:
נקודת עיקרית להרגעת הנפש
פותחת את ערוצי התודעה
מסדירה Qi ודם של הלב
מחזקת את הלב
מטהרת חום מהלב ומהמרידיאן
מניעה חסימות של Qi בתוך הלב ולכן מסייעת בכאב
בעלת השפעה כללית מרגיעה על האיברים הפנימיים
אינדיקציות: סחרחורת, פלפיטציות, נדודי שינה, פחד, טכיקרדיה, שינויים קיצוניים, עצבנות.
",,,,High,https://drive.google.com/file/d/131r5NitrU-z8tWAbn254fqe1f3CpCegh/view?usp=sharing,,https://firebasestorage.googleapis.com/v0/b/apitherapyv2.firebasestorage.app/o/Points%2Fnew%2F1774680162094_HT%207.pdf?alt=media&token=ba525197-0837-4574-b87a-31039fb8cb4a,active
NNFQAi66WrvldwpXKCzf,CV2,Qugu,,"Addresses genito-urinary issues, urinary retention, and menstrual irregularities.","מטפל בבעיות במערכת השתן והמין, אצירת שתן ואי-סדירות במחזור החודשי.",,,,,,,,,,active
NPKCVFjg4yoLNDTgsETL,GB34,,YangLingQuan,,"פותחת ומנקה את כיס המרה, מעוררת ומאזנת את הכבד",,"אופי:  נקודת אדמה / נקודת ים / נקודת השפעה על הגידים והשרירים.
פעולה:
פותחת ומנקה את כיס המרה
מעוררת ומאזנת את הכבד
מרגיעה ומסדירה Yang Qi של כיס המרה והכבד
מקררת ומפזרת לחות חום
משחררת ומניעה את מרידיאני השרירים, מחזקת גידים, רצועות ושרירים
מחזקת את הטחול ומטפלת בלחות
מסדירה את המעבר והזרימה במרידיאנים
אינדיקציות: לחץ דם גבוה, קושי במתן שתן או חוסר יכולת להחזיק שתן, כאב בצדי הצלעות, שיתוק או כיווץ של גפיים תחתונות, הקאות, צהבת.
",,,,Medium,https://drive.google.com/file/d/1dFyl7B80_xRK3GDuHJWIFUuF6si8IsAm/view?usp=drive_link,,https://firebasestorage.googleapis.com/v0/b/apitherapyv2.firebasestorage.app/o/Points%2Fnew%2F1774711992686_GB%2034.pdf?alt=media&token=90e7236c-f0bf-49e4-a12f-0672b7f94864,active
OHEJtGOrQccP2FTFq1BQ,CV9,Shuifen,,Regulates the Water Passages and treats edema and abdominal distension.,מווסתת את מעברי המים ומטפלת בבצקות ונפיחות בבטן.,,,,,,,,,,active
OgzUbq38xPQQIyzm2O4R,CV20,Huagai,,Unbinds the chest and treats cough and local pressure.,משחררת את החזה ומטפלת בשיעול ולחץ מקומי.,,,,,,,,,,active
PUSGS73UVadrYGxuGlJO,LI11,Quchi,,Mid-way through the scapula. Treats shoulder and upper back tension.,"מניעה ומסדירה את המעיים ואת הקיבה
",,"אופי: נקודת אדמה, נקודת ים, נקודת חיזוק
פעולה:
מקררת, מטהרת ומפזרת חום ורוח חמה, חום מלא וחום ב־Yang Ming
מסדירה ומאזנת דם על מנת לטפל במחלות עור
מניעה ומסדירה את המעיים
מסדירה את הקיבה
מסדירה ומחזקת Qi של הריאות
אינדיקציות: מחלות עור, יתר לחץ דם, כאבי גרון, כאבי בטן, שלשולים, גירודי, חום גבוה",,,,Medium,https://drive.google.com/file/d/1sAPir-Aq_6ngqbLVgKL5BU8aGLF8Zqvf/view?usp=drive_link,,https://firebasestorage.googleapis.com/v0/b/apitherapyv2.firebasestorage.app/o/Points%2FPUSGS73UVadrYGxuGlJO%2F1774707189826_LI%2011.pdf?alt=media&token=b818e41e-262f-4dd5-a16d-75f5b923203d,active
Pvlq21KpgMK00WrUiUut,LI5,Yangxi,,"Jing-River point. Treats neck pain, jaw swelling, and wrist issues.","נקודת נהר (Jing-River). מטפלת בכאבי צוואר, נפיחות בלסת ובעיות בפרק כף היד.",,,,,,,,,,active
QWwxsZM4UXFYbK4OfFrr,ST19,Burong,,"Harmonizes the Stomach and treats reflux, gas, and nausea.","מהרמנת את הקיבה ומטפלת ברפלקס, גזים ובחילה.",,,,,,,,,,active
QfWStbTFum71eG5G6kRu,ST4,Dicang,,Benefits the mouth and treats Bell's palsy or facial paralysis.,מיטיבה עם הפה ומטפלת בשיתוק פנים (Bell's palsy).,,,,,,,,,,active
QgdYRrIUFvrHrR37au5M,ST43,Xiangu,,Shu-Stream point. Treats abdominal pain and swelling of the foot.,נקודת פלג (Shu-Stream). מטפלת בכאבי בטן ונפיחות בכף הרגל.,,,,,,,,,,active
QlA7pY0RVclmElv0uDiI,GV14,Dazhui,Dazhui,Great Hammer - Clearing heat and nervous system. Base of neck.,"פטיש גדול - בבסיס הצוואר, מנקה את מערכת העצבים ומערכת החום של הגוף",,,0,1.55,-0.12,,,https://firebasestorage.googleapis.com/v0/b/apitherapyv2.firebasestorage.app/o/Points%2FGV14%2F1772349839818_English%20point%20document.pdf?alt=media&token=bb5aa468-1f5b-42af-982c-f0b6b5e7f92b,https://firebasestorage.googleapis.com/v0/b/apitherapyv2.firebasestorage.app/o/Points%2FGV14%2F1772349816118_%D7%93%D7%95%D7%92%D7%9E%D7%AA%20%D7%9E%D7%A1%D7%9E%D7%9A%20%D7%A0%D7%A7%D7%95%D7%93%D7%94%20%D7%91%D7%A2%D7%91%D7%A8%D7%99%D7%AA.pdf?alt=media&token=2403944e-54ae-4fa8-9255-843e6f8f25e3,active
SYENO8q5iOFAPvwwNh1w,ST7,Xiaguan,,Best point for trigeminal neuralgia and jaw tension.,הנקודה הטובה ביותר לנוירלגיה טריגמינלית ומתח בלסת.,,,,,,,,,,active
SkB5hCdLTptgFFWxgAix,ST5,Daying,,Eliminates wind and treats jaw pain and facial swelling.,מסלקת רוח ומטפלת בכאבי לסת ונפיחות בפנים.,,,,,,,,,,active
U7YbfJpxhW2hPPkbA1KR,LU3,Tianfu,,"Clears heat, treats heart pain, and addresses summer-heat digestive issues.","מנקה חום, מטפלת בכאבי לב ומטפלת בבעיות עיכול של חום קיץ.",,,,,,,,,,active
UlZMST5fujyE5bZRzX3S,ST26,Wailing,,Treats abdominal pain and hernia issues.,מטפלת בכאבי בטן ובעיות בקע (הרניה).,,,,,,,,,,active
Un4RzTNCW7VoWTTbtVXo,CV13,Shangwan,,"Regulates Heart Qi and treats reflux, nausea, and emotional anxiety.","מווסתת את צ'י הלב ומטפלת ברפלקס, בחילות וחרדה רגשית.",long text,טקסט ארוך מאד טקסט ארוך מאד טקסט ארוך מאד טקסט ארוך מאד טקסט ארוך מאד טקסט ארוך מאד טקסט ארוך מאד טקסט ארוך מאד טקסט ארוך מאד טקסט ארוך מאד טקסט ארוך מאד טקסט ארוך מאד טקסט ארוך מאד טקסט ארוך מאד טקסט ארוך מאד טקסט ארוך מאד טקסט ארוך מאד טקסט ארוך מאד טקסט ארוך מאד טקסט ארוך מאד טקסט ארוך מאד טקסט ארוך מאד טקסט ארוך מאד ,,,,Low,,,,active
Uq3GjBbV9suMvuyudoRx,ST31,Biguan,,Treats local pain in the thigh and hip.,מטפלת בכאב מקומי בירך ובאגן.,,,,,,,,,,active
VK0uqFvGJTSEnJHrrBYP,ST38,Tiaokou,,Indicated for shoulder pain/stiffness and lower leg weakness/atrophy.,מיועדת לכאבי כתף/נוקשות וחולשה/אטרופיה של הרגל התחתונה.,,,,,,,,,,active
VvaJtqpuSzi6qjXKmuNe,ST1,Chengqi,,"Benefits the eyes, clears wind, and treats eyelid twitching.","מיטיבה עם העיניים, מנקה רוח ומטפלת בקפיצות עפעף.",,,,,,,,,,active
WCNC6gQQNE6oCj7PnXII,ST13,Qihu,,Unbinds the chest and treats local pressure/pain.,משחררת את החזה ומטפלת בלחץ/כאב מקומי.,,,,,,,,,,active
WmgPiUT0zvGKMPxzyhqa,CV15,Jiuwei,,Luo-Connecting of Ren. Calms the mind and treats chest pain and anxiety.,נקודת חיבור (Luo) של ערוץ ה-Ren. מרגיעה את הנפש ומטפלת בכאבי חזה וחרדה.,,,,,,,,,,active
Wxu9Wghkof6xfSnGpqyh,ST9,Renying,,"Regulates Qi, benefits the throat, and stabilizes blood pressure.","מווסתת צ'י, מיטיבה עם הגרון ומייצבת לחץ דם.",,,,,,,,,,active
XGqlFtA1sRUim1uodvk7,CV3,Zhongji,,"Treats genito-urinary disorders, cystitis, and damp-heat in the genital area. Front-Mu of Bladder.","מטפל בהפרעות במערכת השתן והמין, דלקת בשלפוחית השתן ולחות-חום באזור הגניטלי. נקודת התראה (Mu) של שלפוחית השתן.",,,,,,,,,,active
YQxz69bYcdTdCc0aDaA6,CV14,Juque,,"Front-Mu of the Heart. Treats heart pain, palpitations, and mental/emotional issues.","נקודת התראה (Mu) של הלב. מטפלת בכאבי לב, דפיקות לב ובעיות מנטליות/רגשיות.",long text,,,,,Low,,,,active
YhkbEwklBtRcZZABimQo,CV11,Jianli,,"Strengthens the Spleen and Stomach, treats abdominal distension and vomiting.","מחזקת את הטחול והקיבה, מטפלת בנפיחות בבטן ובהקאות.",long text,טקסט ארוך מאד טקסט ארוך מאד טקסט ארוך מאד טקסט ארוך מאד טקסט ארוך מאד טקסט ארוך מאד טקסט ארוך מאד טקסט ארוך מאד טקסט ארוך מאד טקסט ארוך מאד טקסט ארוך מאד טקסט ארוך מאד טקסט ארוך מאד טקסט ארוך מאד טקסט ארוך מאד טקסט ארוך מאד טקסט ארוך מאד טקסט ארוך מאד טקסט ארוך מאד טקסט ארוך מאד טקסט ארוך מאד טקסט ארוך מאד טקסט ארוך מאד ,,,,High,,,,active
YlfDSqs2UfUlzqUeSozw,LU7,Lieque,,Clears Heart heat and calms the spirit. Used for insomnia and emotional distress.,מנקה חום מהלב ומרגיעה את הנפש. משמשת לנדודי שינה ומצוקה רגשית.,,,,,,,,,,active
ZAZxoopVc0RhBj8QV1Lh,LI6,Pianli,,Xi-Cleft point. Benefits the eyes and treats shoulder/arm pain.,נקודת הצטברות (Xi-Cleft). מיטיבה עם העיניים ומטפלת בכאבי כתף וזרוע.,,,,,,,,,,active
ZtvQgW4LAuAeNWaKNfxH,ST11,Qishe,,Benefits the throat and unbinds the chest.,מיטיבה עם הגרון ומשחררת את החזה.,,,,,,,,,,active
aRqw2RdMRS0OH1RqmCW6,ST22,Guanmen,,"Treats abdominal pain, distension, and acute digestive issues.","מטפלת בכאבי בטן, נפיחות ובעיות עיכול אקוטיות.",,,,,,,,,,active
b6MITKkIoHQXVIy0D0Hd,ST12,Quepen,,"Treats cough, asthma, and local neck/shoulder tension.","מטפלת בשיעול, אסתמה ומתח מקומי בצוואר/כתף.",,,,,,,,,,active
bNOGd8hMg48RbCzPE5pL,ST6,Jiache,,Relieves TMJ and jaw pain. Used for dental issues.,משחררת כאבים במפרק הלסת ולסת. משמשת לבעיות שיניים.,,,,,,,,,,active
bdSUKXe3Kj3A7kbrHsHS,CV22,Tiantu,,"Indicated for cough, asthma, sore throat, and 'plum pit' sensation in the throat.","מיועדת לשיעול, אסתמה, כאב גרון ותחושת 'גרעין שזיף' (תקיעות) בגרון.",,,,,,,,,,active
byZPF4IWFtX1qstHFTVb,LI15,Jianyu,,Treats shoulder/neck stiffness and supports Lung function.,מטפלת בנוקשות בכתף/צוואר ותומכת בתפקוד הריאות.,,,,,,,,,,active
cjaI3Pgj1rPUJrIBKQjB,CV7,Yinjiao,,Regulates menstruation and treats abdominal pain and urogenital issues.,מווסתת את המחזור החודשי ומטפלת בכאבי בטן ובעיות אורוגניטליות.,,,,,,,,,,active
cystUy237beUO13sRZ5H,ST39,Xiajuxu,,He-Sea point for Small Intestine. Treats lower abdominal pain.,נקודת ים (He-Sea) של המעי הדק. מטפלת בכאבי בטן תחתונה.,,,,,,,,,,active
dBxy4xgBCoPZDmchnjXs,ST28,Shuidao,,Treats lower abdominal pain and urogenital disorders.,מטפלת בכאבי בטן תחתונה והפרעות אורוגניטליות.,,,,,,,,,,active
eDHvZrD9of1zY96NdFDf,CV23,Lianquan,,Benefits the tongue and throat. Used for difficulty swallowing and speech issues.,מיטיבה עם הלשון והגרון. משמשת לקשיי בליעה ובעיות דיבור.,,,,,,,,,,active
epI1zPxSmISkw1EQqFZZ,LI7,Wenliu,,Luo-Connecting point. Calms the spirit and treats neck/arm pain.,נקודת חיבור (Luo). מרגיעה את הנפש ומטפלת בכאבי צוואר וזרוע.,,,,,,,,,,active
feq5oCzW1N6awB7bwsYk,LU1,Zhongfu,,"Treats chest congestion, chronic cough, and breast disorders.","מטפלת בגודש בחזה, שיעול כרוני והפרעות בשד.",,,,,,,,,,active
ftNlM9KKTRdU0MdTs0DX,ST29,Guilai,,Benefits the uterus and treats menstrual pain.,מיטיבה עם הרחם ומטפלת בכאבי מחזור.,,,,,,,,,,active
gGuG6EM6iNqSI9Kn0YqZ,LI20,Yingxiang,,Treats nasal obstruction and sinus issues.,מטפלת בחסימה אפית ובעיות סינוסים.,,,,,,,,,,active
gozlWyPjpfDC9JuwfNkP,LU6,Kong zui,,"Highly effective for nausea, motion sickness, anxiety, and insomnia. Luo-Connecting point.","יעילה מאוד לבחילות, מחלת נסיעה, חרדה ונדודי שינה. נקודת חיבור (Luo).",,"אופי: נקודת הצטברות.
פעולה:
מווסתת את הריאות
פותחת את החיצוניות ומגבירה הזעה (ומחזקת את אנרגיית העור)
מקררת חום ומפסיקה אש מהריאות
מסדירה Qi מורד, גורמת לרדת מרידיאן ציפצופים בנשימה
מפסיקה שיעול דמי
פותחת את המרידיאן ומשחררת חסימות אנרגיה לזרוע ולגרון
מרגיעה כאב
אינדיקציות: שיעול דמי,  אסטמה אקוטית
",-0.27532105645747773,1.0977950084807306,-0.040344075599709414,Medium,https://drive.google.com/file/d/1_bl0ewfCj4_QQhJH8bVlFrCNfo49FFmQ/view?usp=sharing,,https://firebasestorage.googleapis.com/v0/b/apitherapyv2.firebasestorage.app/o/Points%2FgozlWyPjpfDC9JuwfNkP%2F1774681641403_LU%206.pdf?alt=media&token=5596f362-5ab6-429d-96c1-575830a201b5,active
gy75d1N14PtRIs68zpeG,ST17,Ruzhong,,Located at the nipple (not for needling). Treats breast issues.,ממוקמת בפטמה (לא לדיקור). מטפלת בבעיות שד.,,,,,,,,,,active
hFWzvCjZLqgeDR60BY9Z,CV4,Guanyuan,,"Nourishes Kidney Qi, tonifies original Qi, and treats reproductive/urinary issues. Front-Mu of Small Intestine.","מזין את הצ'י של הכליות, מחזק צ'י מקורי ומטפל בבעיות רבייה ושתן. נקודת התראה (Mu) של המעי הדק.",,,,,,,,,,active
hhvmjBN52Dhl8d7TA7VP,LV3,Taichong,Taichong,Great Surge: Detox and liver qi. On the foot.,איןלי מושג מה המשמעות. כנראה צריך לדקור ברגל,,,0.08,0.04,0.18,,,,,active
id3aFTETF9WkM5qxeh4D,ST24,Huaroumen,,Harmonizes the Stomach and treats abdominal pain.,מהרמנת את הקיבה ומטפלת בכאבי בטן.,,,,,,,,,,active
jYOM1xeSgq5gDCH0Azea,LU5,Chize,,"Transforms phlegm, treats nausea, and regulates emotional mania/anxiety.","מתמרת ליחה, מטפלת בבחילות ומווסתת מאניה/חרדה רגשית.",,,,,,,,,,active
kz6x9GxzH4IlhzFr5BNX,CV10,Xiawan,,"Aids digestion and treats stomach pain, gas, and indigestion.","מסייעת לעיכול ומטפלת בכאבי בטן, גזים וקשיים בעיכול.",llklkll,טקסט ארוך מאד טקסט ארוך מאד טקסט ארוך מאד טקסט ארוך מאד טקסט ארוך מאד טקסט ארוך מאד טקסט ארוך מאד טקסט ארוך מאד טקסט ארוך מאד טקסט ארוך מאד טקסט ארוך מאד טקסט ארוך מאד טקסט ארוך מאד טקסט ארוך מאד טקסט ארוך מאד טקסט ארוך מאד טקסט ארוך מאד טקסט ארוך מאד טקסט ארוך מאד טקסט ארוך מאד טקסט ארוך מאד טקסט ארוך מאד טקסט ארוך מאד ,,,,High,https://drive.google.com/file/d/1vNj3JvenpaWHU4pRVaZOQjq_YYA4_bB0/view?usp=drive_link,,,active
lBO4UxoWZ1kMrjC45qym,CV16,Zhongting,,Unbinds the chest and treats local pain and cough.,משחררת את החזה ומטפלת בכאב מקומי ושיעול.,,,,,,,,,,active
lMEDOYsEMl2MMuhpnsbU,ST37,Shangjuxu,,He-Sea point for Large Intestine. Treats diarrhea and abdominal pain.,נקודת ים (He-Sea) של המעי הגס. מטפלת בשלשול וכאבי בטן.,,,,,,,,,,active
lWtjP7vqTloEYtbc6Bdh,ST18,Rugen,,Beneficial for breast disorders and unbinding the chest.,מיטיבה עם הפרעות בשד ומשחררת את החזה.,,,,,,,,,,active
lhDFLC1yWmKf1Y48n28d,CV8,Shenque,,"Located at the umbilicus. Rescues Yang, treats extreme fatigue and chronic digestive issues.","ממוקמת בטבור. מצילה את היאנג, מטפלת בעייפות קיצונית ובעיות עיכול כרוניות.",,,,,,,,,,active
lhnmkPp6fIoT9blFncLi,LI17,Tianding,,"Benefits the ears and jaw, treats local swelling/pain.","מיטיבה עם האוזניים והלסת, מטפלת בנפיחות/כאב מקומי.",,,,,,,,,,active
mUUROH6wPWK7hinpOCFk,DU14,Dazhui,Dazhui,,בסיס העורף - נקודת מפגש לחיזוק המערכת החיסונית והמטבוליזם.,,,,,,Low,"https://www.meandqi.com/knowledge-base/acupuncture/governing-vessel/dazhui-du-14/#:~:text=How%20to%20Locate,in%20the%20depression%20below%20C7.",,,active
mVR8FboYMpAtYFaSrBzz,ST10,Shuitu,,Benefits the throat and stops cough.,מיטיבה עם הגרון ומפסיקה שיעול.,,,,,,,,,,active
mp7PwNXPrgJCwzM5MdkW,ST8,Touwei,,Clears headaches (especially frontal) and relieves dizziness.,מנקה כאבי ראש (במיוחד פרונטליים) ומקלה על סחרחורת.,,,,,,,,,,active
myGeRaMtD8vX0P2E3g8t,LI8,Xialian,,He-Sea point. Clears heat and treats swelling of the neck and check.,נקודת ים (He-Sea). מנקה חום ומטפלת בנפיחות בצוואר ובלחי.,,,,,,,,,,active
nVerAfC1kyvGaT83XWIx,CV17,Danzhong,,"Treats asthma, chest pain, palpitations, and anxiety. Influential point of Qi.","מטפלת באסתמה, כאבי חזה, דפיקות לב וחרדה. נקודת השפעה על הצ'י.",,,,,,,,,,active
oUNvpfOUVwMxDS1W7IQr,CV6,Qihai,,"Known as 'Sea of Qi'. Tonifies Qi and Yang, treats fatigue, and regulates lower jiao.","מחזור לא סדיר, הפרשה וגינלית, שלשול, עצירות, בצקות, אסטמה, כאב במחזור, בעיות במתן שתן, אימפוטנציה, אבד זרע, עקרות.",,"אופי:
נקודת השפעה וחיזוק מיוחדת של ה־Qi (""ים ה־Qi"") /
 נקודת חיזוק לאנרגיית ה־Yin של הגוף.
פעולה:
מחזקת, מיטיבה, מסדירה ומניעה Qi.
 מחזקת ומזינה את ה־Jing וה־Yuan Qi.
 מחזקת ומזינה את הכליות, במיוחד ה־Yang של הכליות.
 מסדירה את ה־Qi של ה־Chong Mo ומסדירה את הדם.
 מורידה אש של הכבד וכעס מהרה.
 מטהרת חום פתוגני מהדם ומפסיקה דימום.
 מחממת את המחמם התחתון והאמצעי (מוקסה) ומפזרת קור בבטן.
 מחממת ידיים ורגליים.
 מחזקת את עמוד השדרה.
 מניעה Qi ודם במחמם התחתון.
היבטים מערביים:
מחזור לא סדיר, הפרשה וגינלית, שלשול, עצירות, בצקות,
 אסטמה, כאב במחזור, בעיות במתן שתן, אימפוטנציה, אבד זרע, עקרות.
",,,,Medium,https://drive.google.com/file/d/17XwOVyniV3ehq1SLWoHcK39p3wcQBczu/view?usp=sharing,,https://firebasestorage.googleapis.com/v0/b/apitherapyv2.firebasestorage.app/o/Points%2FoUNvpfOUVwMxDS1W7IQr%2F1774546641207_CV%206%20.pdf?alt=media&token=cdf43c6f-0508-40b0-95d6-3df2e08af2f8,active
ohdvJlZACLiK5Sf6aOEj,LI3,Sanjian,,"Shu-Stream point. Key for neck and back pain, and spinal well-being.",נקודת פלג (Shu-Stream). נקודת מפתח לכאבי צוואר וגב ולבריאות עמוד השדרה.,,,,,,,,,,active
oi5m2eo1CBo2mKxe4u9Y,ST27,Daju,,Benefits the Kidneys and treats abdominal pain and urogenital issues.,מיטיבה עם הכליות ומטפלת בכאבי בטן ובעיות אורוגניטליות.,,,,,,,,,,active
pZnFLA5D3GnJDvYQTxfX,ST36,Zusanli,,"Major point for digestion, immunity, and longevity. Regulates Qi and Blood. Command point of abdomen.","נקודה מרכזית לעיכול, חיסון ואריכות ימים. מווסתת צ'י ודם. נקודת פיקוד על הבטן.",,"פעולות:
מסדירה ומחזקת את הטחול כדי לייצר דם ולהיפטר מעודפי נוזלים, לחות או מזון תקוע.
 מאזנת ומניעה את אנרגיית הקיבה (מפזרת אש של הקיבה).
 מחזקת את אנרגיית הטחול והקיבה.
 מחזקת את האנרגיה הכללית (במיוחד Yin והדם).
 מפיצה את אנרגית הכבד ומטיבה עם כיס המרה.
 מרגיעה את הנפש.
 מחזקת ומסדירה Qi ודם.
 מפזרת חום של ששת אברי ה-Yang ומורידה חום גבוה.
 מפזרת לחות ורוח מארבעת הגפיים.
 מחזקת את זרימת האנרגיה של איברים שנפגעו.
 מוציאה Qi ודם, לחות וחום.
 מחזקת Yang של הכליות.
 מחזקת Yang של הלב.
 מפזרת חסימות בחלק העליון של הגוף.
אינדיקציות:
בעיות עיכול (נשימה, אכילה, לחץ דם גבוה, שלשול, עצירות).
 איזון והסדרת המטבוליזם האמצעי.",0.14,0.48,0.12,Medium,https://drive.google.com/file/d/1saheXjxEd5_280qcjyv8iJegIo_Lcg_c/view?usp=sharing,,https://firebasestorage.googleapis.com/v0/b/apitherapyv2.firebasestorage.app/o/Points%2FpZnFLA5D3GnJDvYQTxfX%2F1774541320912_ST%2036%20%E2%80%93%20ZuSanLi.pdf?alt=media&token=810a7f4d-0606-4726-85d3-950ce3294f5d,active
sYV0DyAKHWdGWT1joXi8,BL 52,ZhiShi ,ZhiShi ,"מחזקת כליות, Jing ורצון, מסדירה שתן, מחזקת גב תחתון. מחזקת את כוח הרצון והחיוניות העמוקה ",,"אופי: הנקודה המקבילה לנקודת השפעה על הכליות
פעולה:
מרגיעה ומשפיעה על האנרגיה הרוחנית של הכליות.
מחזקת את Yin הכליות ומעוררת Jing.
מגבירה מתן שתן ומפזרת לחות.
מחזקת גב תחתון ומשפיעה על איברי המין.
מעודדת זרימה במעברי המים.
מחזקת את כח הרצון.
אינדיקציות: קרי לילה, אימפוטנציה, קושי במתן שתן, בצקת, נוקשות וכאב בגב, חולשה ושיתוק בגפיים תחתונות.
",,,,,Low,https://drive.google.com/file/d/185LMMCJJcXZtHeGHNRBTvIwwRUDZqoiO/view?usp=drive_link,https://firebasestorage.googleapis.com/v0/b/apitherapyv2.firebasestorage.app/o/Points%2FsYV0DyAKHWdGWT1joXi8%2F1774720006122_BL52%20(1).pdf?alt=media&token=37bf11bd-3a69-446b-91a6-7e13e3f1ef36,https://firebasestorage.googleapis.com/v0/b/apitherapyv2.firebasestorage.app/o/Points%2FsYV0DyAKHWdGWT1joXi8%2F1774717788843_BL%2052%20.pdf?alt=media&token=533bd755-c9c4-4ce5-bdb5-135b0243ecb7,active
t1sdrDW1gi2f4g12URQd,GB20,,FengChi,,"כאבי ראש, סחרחורת, נוקשות וכאב בצוואר, עיניים אדומות וכואבות, גודש באף, מחלות חום, הצטננות, אפילפסיה.",,"אופי:  נקודת מפגש עם ה-TW, Yang Qiao Mo, Yang Wei Mo.
פעולה
מפיצה רוח קרה או חמה פנימית או חיצונית – נקודה עיקרית לביטול רוח פנימית וחיצונית בראש.
מטהרת חום ומרגיעה ומווסתת את ה-Yang של ה-Yang.
משקיטה את הכבד ומווסתת את הכבד.
מקטינה לחץ דם, מנקה אש של כיס המרה.
מטיבה עם העיניים והשמיעה, באף ופה.
מפחיתה כאב ומתח בצוואר, בכתפיים ובגב.
מעוררת את המוח ומאירה את המחשבה, להקלה על המחשבה.
בונה ומווסתת את ה-Qi ודם.
היבטים מערביים
כאבי ראש, סחרחורת, נוקשות וכאב בצוואר, עיניים אדומות וכואבות, גודש באף, מחלות חום, הצטננות, אפילפסיה.
",,,,Medium,https://drive.google.com/file/d/1S99bOcNvSY4dZtqKVttykdlw6has7HQo/view?usp=drive_link,,https://firebasestorage.googleapis.com/v0/b/apitherapyv2.firebasestorage.app/o/Points%2Ft1sdrDW1gi2f4g12URQd%2F1774687664372_GB%2020.pdf?alt=media&token=62f2d589-2a12-49f9-96cb-23ab9ce19a32,active
tEqepq4NrXDkNgteakAj,ST34,Liangqiu,,Xi-Cleft point of the Stomach. Treats acute knee pain and gastric pain.,נקודת הצטברות (Xi-Cleft) של הקיבה. מטפלת בכאבי ברכיים אקוטיים ובכאב קיבה.,,,,,,,,,,active
tRct8GtJJgoEeOTkMh4f,LI12,Zhouliao,,Expels wind and treats pain in the shoulder and arm.,מסלקת רוח ומטפלת בכאב בכתף ובזרוע.,,,,,,,,,,active
ueUAz6QlIWHoHxLaJyWW,ST33,Yinshi,,Treats local knee pain and leg weakness.,מטפלת בכאבי ברכיים מקומיים וחולשת רגליים.,,,,,,,,,,active
uqy34E3CSvcI6vENNLgA,ST3,Juliao,,Reduces facial swelling and relieves sinus congestion.,מפחיתה נפיחות בפנים ומשחררת גודש בסינוסים.,,,,,,,,,,active
vEfIHSwV1E4qTdh695yv,LI2,Erjian,,"Ying-Spring point. Treats ear problems, scapula pain, and local hand issues.","נקודת מעיין (Ying-Spring). מטפלת בבעיות אוזניים, כאבי שכמות ובעיות ידיים מקומיות.",,,,,,,,,,active
vMeBGoeElwc43f0zZ5GC,LI4,Hegu,,"Yuan-Source point. Treats nasal obstruction, jaundice, and local wrist issues.","כאבי ראש, חום, עיניים אדומות, אלרגיות, שיתוק פנים, השפעת כאבים.",,"אופי: נקודת מקור / נקודה ראשת-שליטת על הפנים והפה.
פעולה:
מפזרת רוח קרה וחמה.
 מפעילה את תפקוד הפיזור של הריאות, מפיצה Qi ומחזקת את הריאות.
 מסדירה Qi של המעיים, ומפזרת חום של המעיים.
 מעוררת את המחזור ועוזרת לעורר צירי לידה.
 מניעה את מרידיאני הפנים, פותחת ומנקה חום מהפתחים-עין, אף, אוזן.
 מרגיעה את הנפש ומשככת כאבים.
היבטים מערביים: כאבי ראש, חום, עיניים אדומות, אלרגיות, שיתוק פנים, השפעת כאבים.",0.42,0.82,0.08,High,https://drive.google.com/file/d/1WdzaB_LUVXKl00yHzVLB6AE44mSxydyC/view?usp=drive_link,https://firebasestorage.googleapis.com/v0/b/apitherapyv2.firebasestorage.app/o/Points%2FLI4%2F1772356618018_English%20point%20document.pdf?alt=media&token=c8ca173a-56ad-4707-a6cf-d804857103d4,https://firebasestorage.googleapis.com/v0/b/apitherapyv2.firebasestorage.app/o/Points%2FvMeBGoeElwc43f0zZ5GC%2F1774642585269_LI%204.pdf?alt=media&token=d75dea99-d27d-46d8-95d4-7536a7d9c075,active
w4mueRGU4Ge8pFgauHf4,LU2,Yunmen,,"Indicated for chest pain, palpitations, and local arm pain.","מיועדת לכאבי חזה, דפיקות לב וכאב מקומי בזרוע.",,,,,,,,,,active
w7KaqwegmDCqakrgPl6g,ST2,Sibai,,Eliminates wind and clears vision. Used for facial paralysis.,מסלקת רוח ומנקה את הראייה. משמשת לשיתוק פנים.,,,,,,,,,,active
xXLjHmystiqfObdTmOvf,SP6,Sanyinjiao,,Three Yin Intersection: Hormonal balance. Inner ankle.,"מניעה דם, מסדירה עיכול, מרגיעה נפש, איזון הורמונלי ,הרגעה נפשית ושיפור שינה",,"נקודה SP6 נחשבת לאחת הנקודות החזקות והמרכזיות ביותר ברפואה הסינית, בשל היותה נקודת מפגש של שלושת מרידיאני ה־Yin ברגל (טחול, כבד, כליות).

היעילות שלה מתבטאת ביכולת רחבה מאוד:

ויסות מערכת העיכול והמטבוליזם
איזון הורמונלי וטיפול במצבים גינקולוגיים
חיזוק דם ו־Yin
הרגעה נפשית ושיפור שינה
הפחתת לחות, בצקות ודלקות
שיפור זרימת דם ו־Qi

נחשבת לנקודה רב־מערכתית, עמוקה, ומשמשת הן למצבים כרוניים והן למצבים פונקציונליים מורכבים.",0.05,0.18,0.02,Medium,https://drive.google.com/file/d/1lErqC81X2C9XZ6ji1jM5codtBs2CE9Px/view?usp=drive_link,,https://firebasestorage.googleapis.com/v0/b/apitherapyv2.firebasestorage.app/o/Points%2FxXLjHmystiqfObdTmOvf%2F1774544542323_SP%206%20.pdf?alt=media&token=2b28299e-6e27-4aa7-92e2-39fd50e2a3d3,active
xmaOHWu4M8ayISSe48oa,CV24,Chengjiang,,"Used for facial paralysis (Bell's palsy), dental pain, and dry mouth.","משמשת לשיתוק פנים (Bell's palsy), כאבי שיניים ויובש בפה.",,,,,,,,,,active